{
  "player": {
    "name": "Player 1",
    "score": 0,
    "lives": 3,
    "level": 1
  },


  "rooms": [
    {
      "name": "dungeon",
      "description": "You are in a dark, dank dungeon.",
      "items": ["Rope", "Torch"],
      "exits": {
        "n": "hallway",
        "s": "dungeon",
      "name": "hallway",
        "description": "You are in dim a hallway.",
        "items": ["Rope", "Torch"],
        "exits": {
          "n": "hallway",
          "s": "dungeon",
          "e": "stairway",
          "w": "catacombs"
        }
      }
    }
        ]

  }
